No,No.1の画像があなたの好みであるかを0から10で評価してください．,No.2の画像があなたの好みであるかを0から10で評価してください．,No.3の画像があなたの好みであるかを0から10で評価してください．,No.4の画像があなたの好みであるかを0から10で評価してください．,No.5の画像があなたの好みであるかを0から10で評価してください．,No.6の画像があなたの好みであるかを0から10で評価してください．,No.7の画像があなたの好みであるかを0から10で評価してください．,No.8の画像があなたの好みであるかを0から10で評価してください．,No.9の画像があなたの好みであるかを0から10で評価してください．,No.10の画像があなたの好みであるかを0から10で評価してください．,No.11の画像があなたの好みであるかを0から10で評価してください．,No.12の画像があなたの好みであるかを0から10で評価してください．,No.13の画像があなたの好みであるかを0から10で評価してください．,No.14の画像があなたの好みであるかを0から10で評価してください．,No.15の画像があなたの好みであるかを0から10で評価してください．,No.16の画像があなたの好みであるかを0から10で評価してください．,No.17の画像があなたの好みであるかを0から10で評価してください．,No.18の画像があなたの好みであるかを0から10で評価してください．,No.19の画像があなたの好みであるかを0から10で評価してください．,No.20の画像があなたの好みであるかを0から10で評価してください．,No.21の画像があなたの好みであるかを0から10で評価してください．,No.22の画像があなたの好みであるかを0から10で評価してください．,No.23の画像があなたの好みであるかを0から10で評価してください．,No.24の画像があなたの好みであるかを0から10で評価してください．,No.25の画像があなたの好みであるかを0から10で評価してください．,No.26の画像があなたの好みであるかを0から10で評価してください．,No.27の画像があなたの好みであるかを0から10で評価してください．,No.28の画像があなたの好みであるかを0から10で評価してください．,No.29の画像があなたの好みであるかを0から10で評価してください．,No.30の画像があなたの好みであるかを0から10で評価してください．,No.31の画像があなたの好みであるかを0から10で評価してください．,No.32の画像があなたの好みであるかを0から10で評価してください．,No.33の画像があなたの好みであるかを0から10で評価してください．,No.34の画像があなたの好みであるかを0から10で評価してください．,No.35の画像があなたの好みであるかを0から10で評価してください．,No.36の画像があなたの好みであるかを0から10で評価してください．,No.37の画像があなたの好みであるかを0から10で評価してください．,No.38の画像があなたの好みであるかを0から10で評価してください．,No.39の画像があなたの好みであるかを0から10で評価してください．,No.40の画像があなたの好みであるかを0から10で評価してください．,No.41の画像があなたの好みであるかを0から10で評価してください．,No.42の画像があなたの好みであるかを0から10で評価してください．,No.43の画像があなたの好みであるかを0から10で評価してください．,No.44の画像があなたの好みであるかを0から10で評価してください．,No.45の画像があなたの好みであるかを0から10で評価してください．,No.46の画像があなたの好みであるかを0から10で評価してください．,No.47の画像があなたの好みであるかを0から10で評価してください．,No.48の画像があなたの好みであるかを0から10で評価してください．,No.49の画像があなたの好みであるかを0から10で評価してください．,No.50の画像があなたの好みであるかを0から10で評価してください．,No.51の画像があなたの好みであるかを0から10で評価してください．,No.52の画像があなたの好みであるかを0から10で評価してください．,No.53の画像があなたの好みであるかを0から10で評価してください．,No.54の画像があなたの好みであるかを0から10で評価してください．,No.55の画像があなたの好みであるかを0から10で評価してください．,No.56の画像があなたの好みであるかを0から10で評価してください．,No.57の画像があなたの好みであるかを0から10で評価してください．,No.58の画像があなたの好みであるかを0から10で評価してください．,No.59の画像があなたの好みであるかを0から10で評価してください．,No.60の画像があなたの好みであるかを0から10で評価してください．,No.61の画像があなたの好みであるかを0から10で評価してください．,No.62の画像があなたの好みであるかを0から10で評価してください．,No.63の画像があなたの好みであるかを0から10で評価してください．,No.64の画像があなたの好みであるかを0から10で評価してください．,No.65の画像があなたの好みであるかを0から10で評価してください．,No.66の画像があなたの好みであるかを0から10で評価してください．,No.67の画像があなたの好みであるかを0から10で評価してください．,No.68の画像があなたの好みであるかを0から10で評価してください．,No.69の画像があなたの好みであるかを0から10で評価してください．,No.70の画像があなたの好みであるかを0から10で評価してください．,No.71の画像があなたの好みであるかを0から10で評価してください．,No.72の画像があなたの好みであるかを0から10で評価してください．,No.73の画像があなたの好みであるかを0から10で評価してください．,No.74の画像があなたの好みであるかを0から10で評価してください．,No.75の画像があなたの好みであるかを0から10で評価してください．,No.76の画像があなたの好みであるかを0から10で評価してください．,No.77の画像があなたの好みであるかを0から10で評価してください．,No.78の画像があなたの好みであるかを0から10で評価してください．,No.79の画像があなたの好みであるかを0から10で評価してください．,No.80の画像があなたの好みであるかを0から10で評価してください．,No.81の画像があなたの好みであるかを0から10で評価してください．,No.82の画像があなたの好みであるかを0から10で評価してください．,No.83の画像があなたの好みであるかを0から10で評価してください．,No.84の画像があなたの好みであるかを0から10で評価してください．,No.85の画像があなたの好みであるかを0から10で評価してください．,No.86の画像があなたの好みであるかを0から10で評価してください．,No.87の画像があなたの好みであるかを0から10で評価してください．,No.88の画像があなたの好みであるかを0から10で評価してください．,No.89の画像があなたの好みであるかを0から10で評価してください．,No.90の画像があなたの好みであるかを0から10で評価してください．,No.91の画像があなたの好みであるかを0から10で評価してください．,No.92の画像があなたの好みであるかを0から10で評価してください．,No.93の画像があなたの好みであるかを0から10で評価してください．,No.94の画像があなたの好みであるかを0から10で評価してください．,No.95の画像があなたの好みであるかを0から10で評価してください．,No.96の画像があなたの好みであるかを0から10で評価してください．,No.97の画像があなたの好みであるかを0から10で評価してください．,No.98の画像があなたの好みであるかを0から10で評価してください．,No.99の画像があなたの好みであるかを0から10で評価してください．,No.100の画像があなたの好みであるかを0から10で評価してください．
78,3,5,7,7,0,2,2,6,6,2,1,1,1,1,1,2,3,2,2,2,5,6,8,0,1,2,1,2,5,2,2,2,2,2,2,1,2,1,2,5,2,1,1,1,2,4,4,4,2,6,6,6,2,3,2,0,0,0,3,4,1,1,2,2,1,2,2,2,2,3,9,2,5,0,3,4,6,5,1,2,2,2,3,2,2,2,4,6,1,1,1,0,4,4,2,2,2,2,0,2
448,7,2,4,2,2,2,2,2,2,2,6,2,3,2,1,4,2,6,4,2,2,2,5,2,2,2,2,1,2,1,1,3,2,1,4,2,6,5,5,5,2,2,2,3,1,2,6,5,6,5,5,4,2,1,2,0,0,3,2,2,2,1,1,2,2,2,5,3,6,6,5,2,4,0,2,1,6,3,3,2,4,3,6,4,3,0,3,7,4,5,5,5,3,4,2,2,4,1,0,1
615,7,0,0,0,6,0,0,0,0,0,3,0,0,0,0,0,0,0,0,0,0,0,0,3,4,0,0,0,0,0,0,0,0,0,6,0,7,1,5,0,0,0,0,5,0,0,5,4,0,0,0,6,0,0,0,0,0,0,0,0,0,0,0,0,0,0,4,0,7,8,3,0,5,0,0,0,0,0,6,0,0,0,9,0,0,0,8,8,0,0,0,0,0,8,0,0,0,7,0,0
490,7,1,8,0,2,6,3,2,3,2,8,3,0,1,10,4,3,7,3,2,3,1,8,8,5,4,3,2,2,1,3,2,6,2,8,7,10,8,9,5,1,0,1,6,1,5,3,9,3,1,3,1,0,6,2,2,3,7,7,0,1,3,2,3,2,2,6,3,8,8,4,3,7,2,10,4,6,4,7,3,4,8,8,0,10,4,3,7,5,3,6,6,3,2,2,1,4,10,0,3
284,5,2,2,3,4,3,3,7,5,6,8,7,7,8,9,6,7,7,6,3,4,2,7,4,7,4,5,1,3,1,1,7,8,1,7,5,9,5,7,6,2,3,2,8,7,7,6,3,4,5,6,5,0,0,5,0,2,3,6,3,3,2,2,4,5,3,6,4,5,7,6,7,6,1,8,5,7,4,6,3,4,7,8,1,3,4,7,6,5,2,4,6,5,8,7,8,3,1,0,6
614,3,2,5,0,0,8,0,2,1,0,9,0,5,5,7,3,1,0,8,8,9,3,0,10,0,3,0,2,9,3,4,0,0,0,0,0,3,9,7,3,0,0,0,10,7,7,6,7,3,5,10,4,0,9,0,0,0,8,8,1,5,2,0,6,1,5,8,6,9,10,10,1,2,0,3,1,3,7,4,0,0,7,5,0,1,0,10,10,1,0,0,2,1,2,0,0,1,4,0,1
642,0,0,0,2,0,0,0,0,0,0,2,0,0,0,1,0,0,0,0,0,0,0,0,0,0,0,0,0,0,0,0,0,0,0,0,0,0,0,0,0,0,0,0,0,0,0,0,4,0,2,0,0,0,1,0,1,0,0,0,0,0,0,0,0,0,0,0,0,0,3,2,0,0,0,0,0,1,0,0,0,0,0,0,0,0,0,0,0,0,0,0,0,0,0,0,0,0,0,0,0
292,2,4,5,4,4,1,2,3,5,4,4,4,1,2,5,5,6,5,3,1,1,3,4,5,2,2,6,2,5,2,2,4,3,5,3,6,7,6,5,6,3,3,4,3,4,3,6,6,5,7,5,4,2,4,2,4,4,3,5,4,5,2,5,4,3,3,3,3,5,4,5,4,4,3,6,6,4,4,3,6,4,5,4,1,2,2,4,5,3,2,5,5,6,4,5,4,4,6,1,4
180,2,7,0,3,5,2,1,2,3,2,5,3,2,3,6,5,2,5,3,5,4,4,4,4,5,6,4,2,8,2,5,6,5,5,4,3,6,4,3,2,3,2,6,1,2,7,3,2,5,8,2,1,6,5,4,5,3,3,4,5,4,2,2,6,4,2,6,5,5,5,4,3,3,1,7,7,8,5,2,3,4,6,6,3,2,2,8,8,6,3,7,8,6,8,7,8,2,5,3,7
381,5,3,3,2,7,6,6,4,2,4,6,5,0,3,3,3,1,1,5,1,1,0,5,7,6,6,4,4,8,6,6,4,5,3,8,6,8,8,6,8,0,0,1,9,4,9,1,3,7,8,6,6,0,10,0,2,0,10,10,0,1,6,0,1,0,1,5,4,9,8,9,6,4,2,5,3,8,3,4,2,6,7,6,0,2,0,8,8,6,8,2,5,2,5,1,5,1,5,0,5
489,6,0,7,0,5,0,0,0,2,0,7,0,0,0,6,0,6,3,3,3,3,3,7,3,2,0,0,0,3,0,0,0,0,0,5,0,3,0,0,5,0,0,0,5,0,0,8,9,0,7,5,0,0,3,0,0,0,0,3,0,4,0,0,7,0,5,5,0,7,8,8,0,3,0,0,0,8,5,3,0,0,0,0,0,0,0,3,3,0,0,0,0,6,4,0,0,0,0,0,0
55,5,0,5,0,0,0,5,10,10,0,10,5,10,5,5,0,0,0,5,1,2,0,8,8,0,0,5,5,0,0,0,0,0,0,0,0,5,10,8,10,0,0,0,10,10,10,0,8,6,5,10,0,0,0,0,0,0,5,10,0,0,0,0,10,7,10,10,5,10,10,10,0,5,0,5,0,8,0,0,0,0,8,0,0,10,0,5,10,0,8,0,10,10,10,0,0,0,0,0,0
527,6,2,2,2,3,5,0,4,3,1,5,2,2,1,3,2,2,4,4,3,1,2,3,4,2,3,2,4,3,1,1,1,2,3,3,4,4,4,3,3,3,1,1,3,2,2,4,5,3,5,3,2,3,5,1,0,2,3,4,4,2,1,1,4,3,2,5,2,5,6,6,2,5,0,1,1,6,4,5,3,4,3,4,4,5,1,5,5,2,1,4,3,4,4,2,3,4,4,0,4
84,6,7,4,4,3,5,6,7,7,6,8,3,9,6,6,0,1,2,7,6,6,3,7,7,3,2,7,5,7,4,8,6,1,5,3,1,5,7,3,5,6,0,1,9,8,5,1,5,3,6,9,6,0,6,0,0,1,3,8,2,5,4,0,8,7,2,4,5,8,7,6,6,5,0,7,1,6,9,6,0,2,6,2,2,0,0,5,6,4,0,0,2,7,6,2,3,0,0,0,6
565,3,4,3,1,3,4,1,4,2,1,2,2,2,3,5,3,2,5,3,3,4,2,4,3,3,2,3,2,4,2,2,3,2,1,4,3,4,3,2,2,1,2,3,5,6,6,4,3,3,3,5,3,1,4,3,0,2,4,6,3,2,1,2,3,2,4,4,2,7,6,6,3,6,0,5,4,8,4,5,3,4,6,4,1,7,1,7,8,4,2,3,4,4,7,3,2,2,2,0,4
629,2,2,2,2,2,2,0,1,0,2,5,6,2,2,0,0,0,1,0,2,0,1,0,3,1,2,0,2,1,0,0,0,0,0,0,0,1,2,0,2,0,0,0,0,2,2,0,0,0,5,0,0,2,5,0,0,1,2,1,0,1,0,0,0,1,2,2,0,1,5,5,3,3,0,2,0,6,2,0,0,0,1,0,0,0,0,0,1,0,2,0,0,5,3,3,0,0,0,0,0
108,7,4,6,3,4,6,9,9,7,5,6,6,7,7,4,6,3,3,5,4,7,5,4,6,4,3,6,5,4,9,6,3,3,5,3,2,2,5,6,7,2,3,2,9,8,5,2,4,7,6,7,5,3,4,1,10,2,4,6,2,4,4,2,4,9,7,6,6,4,4,5,4,6,10,6,3,8,4,1,3,5,5,5,2,4,7,7,3,7,4,3,6,5,4,2,8,3,2,3,8
94,2,1,7,6,4,2,7,8,8,6,5,5,7,7,7,4,4,3,3,5,5,2,6,5,4,2,3,0,5,4,1,2,2,3,4,3,3,3,2,4,1,0,1,6,7,8,3,5,7,8,6,3,0,3,0,0,1,4,6,2,1,1,1,6,5,4,4,3,7,6,5,4,4,0,6,3,5,4,3,3,2,4,5,2,2,1,6,5,3,3,4,7,6,6,2,1,1,3,0,1
185,8,5,3,4,5,7,6,8,6,6,8,4,8,8,7,7,6,4,6,5,5,4,6,5,4,5,5,6,6,5,6,5,4,3,5,5,6,5,4,7,3,5,5,8,8,7,4,6,6,7,7,7,4,7,3,2,3,4,5,3,6,6,5,6,4,7,6,6,6,7,7,6,7,3,5,5,5,5,5,6,5,6,5,4,4,5,6,4,4,4,4,5,6,5,4,5,5,6,0,6
153,4,3,6,5,2,3,3,5,7,4,5,2,6,5,4,3,7,5,3,1,2,3,4,4,5,4,5,6,7,6,2,3,5,2,9,8,5,7,6,5,2,4,2,7,6,6,5,7,3,8,5,4,5,6,4,3,4,7,7,3,4,7,7,5,6,3,8,9,8,7,9,6,5,2,7,6,6,7,5,5,4,5,5,3,8,4,10,8,4,6,7,5,5,6,5,4,7,5,3,6
95,7,4,9,2,4,5,6,1,6,4,8,0,3,5,8,9,4,6,6,9,9,3,4,7,5,6,6,3,8,4,0,4,5,6,9,7,8,10,8,6,2,4,3,8,7,9,4,9,5,8,10,2,0,8,3,7,10,10,10,4,6,2,4,9,7,4,9,6,8,9,10,5,7,3,9,3,6,8,6,5,4,3,3,0,8,4,7,9,6,5,8,8,5,4,1,4,7,9,6,5
445,2,4,3,2,1,4,0,5,3,2,1,0,0,1,2,0,1,3,1,3,3,0,7,0,1,0,1,0,2,0,0,4,0,0,0,1,6,4,0,3,2,0,2,5,8,7,4,3,6,4,2,4,0,1,2,0,1,8,9,3,1,1,0,7,5,5,4,4,7,10,3,1,8,0,7,2,6,10,4,0,3,8,3,1,2,1,10,8,6,4,3,3,6,6,5,4,0,4,0,2
62,7,4,6,7,3,6,4,3,9,5,3,3,5,3,7,5,3,4,4,4,3,2,5,4,3,2,4,3,5,8,4,2,2,4,7,7,5,8,4,6,1,3,2,9,4,3,3,2,3,4,3,4,2,2,1,1,2,7,3,3,1,2,3,2,7,5,3,2,3,3,1,2,1,2,1,1,3,2,3,2,4,3,2,2,1,2,2,3,2,3,2,3,2,8,4,5,5,5,3,2
312,3,4,6,2,7,4,3,2,6,7,8,7,8,7,6,7,7,8,7,8,4,4,7,9,7,6,8,4,5,4,5,7,8,2,6,8,2,10,3,4,4,5,0,9,5,6,6,6,6,9,8,1,7,8,7,2,3,8,8,5,9,8,9,9,7,8,9,7,6,8,9,9,8,1,6,8,8,9,7,7,6,7,7,4,5,6,8,6,7,3,7,6,7,6,6,7,8,3,1,6
258,3,6,2,3,5,4,2,3,3,3,4,3,2,2,4,4,3,5,5,4,3,5,6,3,5,5,3,2,6,2,4,4,5,1,4,4,5,4,1,3,2,4,3,3,5,7,3,3,1,6,6,4,0,2,3,0,1,4,3,4,2,2,3,3,1,2,3,4,6,4,4,3,4,0,4,5,5,3,4,3,5,6,3,2,4,1,7,5,4,3,4,3,4,5,4,6,3,2,0,6
623,7,2,6,0,6,5,2,1,1,0,8,1,0,0,2,2,1,1,4,0,2,2,9,7,2,2,1,1,10,1,3,2,5,3,6,1,4,7,1,2,0,1,2,3,2,4,1,1,0,8,7,1,0,5,1,0,1,7,1,6,1,1,0,2,2,2,6,1,9,7,10,1,0,0,2,7,6,8,3,4,1,2,3,7,3,1,9,5,2,3,2,1,0,0,1,0,0,5,0,0
187,3,0,0,7,5,4,6,7,7,8,7,8,7,9,9,8,8,7,8,3,1,1,5,5,6,2,3,0,6,5,4,5,5,0,7,5,6,7,5,8,0,1,0,10,9,9,5,7,7,8,5,4,0,4,0,0,0,6,6,0,1,1,2,4,0,1,3,5,6,6,6,7,5,0,5,2,5,4,3,1,2,3,7,0,4,5,6,7,4,2,1,5,6,8,1,2,1,10,0,5
324,5,3,3,2,6,5,4,4,5,4,5,3,3,4,5,3,3,3,6,3,3,3,2,5,5,3,4,3,3,4,3,3,6,5,6,3,7,7,4,8,3,3,0,1,4,4,3,4,4,5,4,4,1,4,1,0,3,5,7,2,3,3,3,5,7,4,5,4,8,8,8,6,7,0,7,2,7,4,5,2,4,7,5,0,4,4,6,8,4,4,3,4,4,5,3,3,3,2,0,7
298,5,2,4,2,1,1,0,0,1,0,0,3,1,2,1,0,4,2,0,4,5,3,2,0,1,3,1,0,5,2,5,3,0,6,4,3,2,0,2,4,7,4,2,3,2,5,4,3,2,4,2,1,0,3,7,9,3,0,0,2,0,2,3,4,1,4,1,0,4,2,1,2,0,8,2,5,3,1,0,2,1,0,3,2,1,3,0,2,2,4,5,4,3,1,3,5,2,0,7,1
492,7,3,3,1,5,4,1,3,3,2,5,3,4,3,7,4,1,1,3,1,1,3,2,2,4,2,5,5,5,0,1,1,3,2,5,1,8,7,4,8,1,3,0,7,6,10,5,5,4,6,5,4,0,5,1,0,2,3,8,1,1,4,3,6,3,2,8,6,10,9,9,5,5,1,10,5,10,6,5,3,3,9,4,2,2,2,9,10,3,3,3,8,8,9,3,3,3,2,0,6
295,5,8,3,3,7,8,5,2,7,8,6,8,6,7,3,6,8,9,7,8,5,7,8,7,4,8,5,5,8,5,6,6,10,2,5,5,6,6,4,5,7,6,5,4,4,8,8,6,4,7,5,4,8,8,9,5,4,7,7,5,6,5,6,5,7,7,9,9,9,8,8,6,6,4,10,9,9,7,8,6,4,4,4,5,6,4,8,8,6,8,9,9,9,10,9,10,7,6,1,4
136,6,2,6,2,4,6,2,4,8,7,3,3,7,7,8,8,4,3,3,2,2,2,3,5,6,3,4,4,4,4,6,5,5,1,3,2,3,4,4,4,2,2,3,7,8,8,4,4,6,6,5,3,2,6,1,1,4,4,5,1,3,3,3,5,3,7,3,3,4,5,6,7,4,0,3,3,5,3,2,2,2,6,5,1,3,5,7,5,8,7,3,6,5,4,3,3,3,6,2,8
498,2,3,2,1,4,3,1,1,3,3,6,2,2,3,3,2,2,2,3,3,4,3,6,6,4,3,2,1,7,2,3,3,5,3,6,3,2,3,3,2,1,1,1,2,1,2,2,3,2,4,3,2,2,1,2,1,1,3,2,2,1,1,1,4,1,2,6,2,2,4,3,2,2,0,2,2,4,2,1,2,2,1,3,2,1,0,1,2,1,2,2,2,4,4,2,3,2,1,0,2
254,5,7,3,3,7,5,6,6,8,5,7,3,7,7,5,5,6,4,5,6,6,3,7,7,7,3,6,6,8,7,6,4,5,4,7,3,3,6,6,6,2,2,4,6,6,5,4,4,6,7,7,6,4,6,4,1,1,5,5,4,3,6,3,4,3,3,5,3,5,5,7,6,3,1,4,4,4,6,5,4,5,3,3,3,3,3,5,5,4,4,3,3,3,5,3,3,3,5,1,5
434,0,0,0,0,1,0,0,5,0,0,2,0,0,0,0,0,2,4,2,0,0,2,2,0,0,2,0,0,0,0,0,0,0,0,5,0,5,0,3,0,0,0,0,0,0,0,4,0,0,0,0,0,0,0,0,0,0,0,0,0,0,0,0,0,0,0,0,0,4,4,0,0,2,0,0,0,0,0,0,0,0,0,5,0,0,0,0,1,1,0,0,0,0,0,0,0,0,3,0,0
227,8,0,10,4,5,2,7,6,8,6,8,4,5,4,4,2,4,3,4,6,4,1,2,8,6,4,5,4,6,8,4,2,4,6,9,7,5,7,5,6,0,1,8,3,3,5,6,8,10,9,5,4,3,8,1,6,8,8,7,5,3,6,4,5,2,2,7,6,6,5,6,4,5,0,6,6,4,5,5,3,2,3,4,1,7,2,5,5,3,7,8,8,4,3,2,3,5,5,0,7
89,3,2,4,3,7,4,5,6,5,4,3,6,4,5,7,3,3,2,3,2,4,4,4,2,7,4,7,1,7,4,6,3,7,3,3,4,8,4,9,5,1,0,4,6,7,10,3,2,7,9,4,4,0,6,1,7,4,7,6,1,6,5,4,7,5,3,4,8,6,6,5,3,5,3,8,2,8,5,6,3,5,7,6,2,5,4,7,6,7,5,3,4,6,6,3,6,3,5,1,9
103,6,5,7,5,5,3,3,3,7,5,6,6,8,7,5,6,6,7,5,6,7,6,6,7,5,5,7,3,4,6,2,6,6,5,7,5,7,6,6,6,2,6,5,6,6,6,6,6,5,8,7,7,6,6,5,2,5,6,7,3,4,4,3,6,7,6,3,5,6,6,5,5,6,1,5,5,6,4,6,5,6,6,6,1,3,3,6,5,3,0,5,5,7,6,4,6,5,4,0,3
488,7,4,2,2,7,2,1,6,2,0,5,3,1,1,1,2,3,6,3,5,3,6,6,4,5,6,3,1,7,2,1,5,6,1,6,7,7,3,5,2,1,1,2,5,3,6,6,5,5,5,3,4,0,3,1,0,1,3,4,0,0,0,3,1,0,1,3,1,8,5,3,1,4,0,6,2,6,4,3,1,3,6,6,3,2,1,9,8,5,8,3,2,1,4,3,6,4,1,0,5
342,5,3,2,1,5,5,2,2,2,2,7,2,5,4,4,3,3,3,3,2,3,1,6,4,4,2,2,2,2,1,3,2,4,1,2,2,3,2,3,4,1,0,1,4,3,3,4,5,2,5,2,2,0,1,1,3,1,3,3,1,3,2,1,3,2,4,2,2,2,2,2,1,2,1,4,2,4,3,4,2,3,4,4,5,3,3,3,4,4,2,1,2,4,6,3,5,3,3,0,2
85,8,6,5,9,4,7,6,5,7,4,4,5,3,4,3,5,7,5,3,5,4,4,5,6,4,4,4,6,5,7,6,4,5,6,5,7,6,7,5,6,5,5,6,7,6,6,7,8,8,6,6,5,4,7,5,4,6,7,3,3,7,5,5,4,6,7,5,5,6,5,5,6,4,3,5,6,5,3,3,4,5,4,4,2,3,5,5,5,3,4,5,6,5,2,3,5,6,3,1,3
524,7,6,5,5,6,8,4,3,6,0,6,1,8,4,4,5,6,7,4,5,6,5,7,8,5,6,7,5,10,4,4,4,5,0,8,5,5,9,5,6,3,2,3,7,4,5,7,8,2,6,5,4,0,5,0,0,0,8,5,2,5,0,0,6,0,6,9,3,5,10,9,6,7,0,4,3,9,8,5,6,5,6,6,5,5,0,8,8,4,9,7,5,8,7,4,4,5,5,0,4
119,4,5,6,5,4,3,5,5,7,6,6,5,6,6,6,5,5,4,5,3,4,3,3,4,5,4,6,6,5,6,5,4,4,4,5,4,5,6,4,5,3,4,3,5,7,6,3,4,6,7,5,5,4,6,3,3,3,5,5,3,4,5,4,5,7,4,4,5,4,4,6,6,4,2,5,4,5,5,3,4,4,5,5,2,4,5,6,4,5,5,4,5,5,3,3,3,4,5,0,4
232,3,0,3,3,5,5,3,6,7,5,5,6,3,5,7,5,5,4,5,5,4,3,7,6,8,3,6,2,8,5,6,3,9,3,7,5,8,5,7,7,3,3,0,10,7,8,7,7,5,8,7,4,0,5,3,1,2,2,3,0,2,1,2,5,3,7,2,2,7,7,5,5,5,0,8,2,8,5,3,4,4,7,8,1,5,4,6,7,6,8,3,2,2,5,5,6,5,9,0,8
160,4,5,3,5,7,3,3,3,4,3,7,3,3,4,7,7,3,3,7,3,5,7,7,7,7,7,5,7,7,7,7,6,7,5,5,4,7,7,5,5,4,5,7,7,7,6,7,5,7,7,7,7,8,5,8,4,4,4,7,7,4,4,4,7,5,7,7,5,8,5,8,4,5,3,7,6,7,6,8,7,7,7,7,7,6,3,8,8,7,5,4,8,7,7,7,8,7,7,1,6
363,5,3,4,5,5,1,5,5,4,3,5,4,5,4,5,5,6,5,4,3,6,5,3,4,7,5,3,1,6,2,1,1,8,1,4,6,5,4,2,4,4,3,0,5,3,6,5,4,2,5,4,3,0,3,3,2,2,5,5,1,1,3,5,5,3,4,6,3,5,5,5,6,5,0,6,5,7,6,5,4,5,5,5,1,4,0,7,6,3,2,6,5,4,6,4,6,2,2,0,6
22,4,5,7,5,5,6,5,3,6,5,6,4,4,3,4,2,5,4,3,7,8,4,7,7,4,4,5,4,6,5,5,4,5,5,8,6,6,8,8,5,2,3,5,4,6,6,4,8,7,4,4,5,4,5,2,2,5,6,5,3,4,7,5,4,4,2,9,4,7,9,7,5,3,1,6,5,8,5,2,4,3,3,4,4,7,2,4,7,3,4,8,7,4,3,4,3,6,2,0,3
148,3,2,1,1,3,1,2,3,3,2,6,2,7,3,4,2,5,4,3,2,3,3,2,4,7,4,3,1,4,3,2,3,7,0,2,2,4,3,4,5,2,2,3,2,2,4,2,2,3,5,4,2,0,2,2,3,2,4,5,2,1,2,2,3,4,3,2,4,7,4,5,3,3,1,5,3,5,3,5,3,2,4,6,2,2,3,4,5,2,3,3,5,4,3,3,2,2,4,0,2
275,2,4,6,1,7,0,1,2,5,3,1,3,1,3,0,1,4,2,4,0,0,3,6,5,8,4,2,0,7,0,1,2,9,0,2,1,5,4,3,3,0,1,0,3,4,6,2,3,4,5,4,2,0,1,2,1,0,6,5,1,4,2,3,1,5,4,3,6,6,4,3,5,5,0,2,0,6,4,1,0,5,5,5,1,1,1,10,4,3,1,1,6,1,4,2,6,5,7,0,8
146,6,4,6,4,7,5,4,5,6,6,8,5,7,5,5,6,4,3,7,5,4,3,6,7,6,4,5,5,6,5,6,3,5,3,7,5,7,7,6,6,3,5,5,7,8,6,6,5,6,7,7,7,4,3,3,3,3,5,6,3,4,4,3,5,6,5,6,6,6,6,6,5,7,2,6,6,7,5,6,5,6,7,4,3,5,5,7,7,5,6,4,6,6,7,3,4,5,7,1,6
278,7,7,5,4,3,5,3,5,5,4,4,4,5,2,3,1,3,2,1,2,3,4,6,5,3,3,5,2,5,2,2,2,1,3,2,2,2,5,3,7,1,1,3,6,6,7,4,7,4,7,2,2,0,5,2,2,4,5,1,5,4,5,2,7,3,1,5,5,7,6,7,5,5,1,5,2,4,5,1,5,1,5,1,3,3,3,3,2,2,1,5,4,5,2,3,3,5,3,0,3
419,3,3,5,3,5,5,1,5,5,5,6,3,5,2,2,4,5,3,3,3,4,2,6,5,4,3,5,6,7,2,2,2,2,1,5,3,3,5,4,4,1,1,1,4,3,3,5,5,1,7,6,5,6,6,2,1,2,7,7,5,3,3,3,5,1,5,6,4,6,6,6,2,3,1,4,3,7,5,5,3,2,4,6,4,6,1,5,7,6,5,5,3,3,6,2,2,4,8,5,5
210,8,7,2,5,3,2,1,2,4,2,7,4,5,3,2,2,3,2,3,4,5,4,9,8,3,4,2,1,7,2,1,3,3,2,4,4,3,7,6,3,4,3,1,3,2,3,4,7,4,6,5,4,5,4,3,0,2,4,6,4,3,3,1,7,2,7,8,6,8,9,8,3,5,1,3,5,6,7,4,7,3,2,5,3,6,3,2,4,3,2,6,6,5,3,4,2,3,3,0,2
632,6,2,9,2,10,5,1,4,4,3,2,1,4,3,5,7,3,7,3,2,2,4,4,4,7,4,3,4,5,2,2,2,10,2,6,3,7,3,3,4,2,2,1,6,3,3,6,5,4,3,5,2,0,4,4,1,1,5,4,2,2,5,6,2,3,5,5,3,3,4,3,2,5,0,5,2,5,3,8,3,4,4,7,2,6,1,4,8,4,3,6,6,4,7,2,4,8,5,4,9
507,5,0,3,1,0,1,1,3,3,0,8,1,5,3,6,5,6,5,7,6,1,0,4,9,3,0,6,5,2,2,0,4,0,5,5,1,4,5,0,5,1,2,1,5,6,4,1,8,5,2,6,2,8,8,6,0,5,5,7,9,9,1,1,10,3,8,10,6,7,9,9,3,6,0,8,1,9,9,5,3,4,6,1,7,6,1,5,5,5,2,8,7,9,5,2,2,2,4,0,1
390,7,0,4,1,3,6,1,6,10,4,8,9,4,9,8,4,3,8,7,6,1,0,9,4,1,0,8,0,8,4,8,0,0,3,1,2,8,2,3,4,0,0,1,8,0,0,10,10,10,0,6,0,0,9,0,0,1,6,6,7,4,1,2,6,0,5,4,2,1,7,5,6,4,0,9,4,7,8,4,1,4,3,0,6,1,0,9,8,0,0,1,1,3,0,1,0,0,7,0,3
372,4,5,4,4,2,6,5,6,6,4,8,4,7,4,4,4,5,5,7,6,7,7,5,7,4,7,4,4,6,3,2,1,1,4,6,5,7,6,3,7,2,2,3,6,4,6,8,7,1,6,6,4,4,3,5,3,5,6,6,6,6,3,4,7,5,6,6,4,8,8,9,4,6,2,5,5,6,8,6,7,5,6,5,6,4,0,4,4,3,2,6,5,6,6,5,5,4,2,1,3
135,3,6,8,5,3,5,1,1,8,5,4,5,6,3,3,2,5,6,5,8,9,5,4,3,2,6,5,0,8,1,3,4,6,2,4,3,4,1,0,3,2,2,5,6,5,4,4,3,5,4,7,2,3,0,5,2,8,5,4,7,6,3,5,6,5,4,3,6,3,2,3,4,5,0,8,6,9,7,6,4,3,5,3,3,1,1,5,4,3,1,8,6,5,7,4,5,0,5,0,3
80,3,3,3,1,7,2,2,3,2,2,3,3,3,3,3,3,3,3,3,3,3,3,4,3,8,3,2,0,7,2,4,3,7,2,3,3,3,3,3,3,2,3,3,2,3,4,3,3,2,3,2,2,2,1,4,2,3,3,3,3,2,2,3,3,2,3,3,4,3,3,2,3,3,1,3,3,5,3,5,3,3,3,4,2,3,2,3,3,3,4,3,3,3,7,3,3,2,3,0,4
47,7,2,6,3,5,6,3,3,3,3,4,2,3,2,5,6,2,2,4,3,3,4,4,5,5,2,3,3,4,5,3,3,3,2,6,4,4,3,3,3,2,1,3,6,5,5,3,3,3,5,5,5,4,6,0,3,3,5,5,2,4,3,4,3,6,4,3,4,6,6,6,4,5,2,5,4,5,5,2,3,3,4,4,3,3,2,2,5,4,2,5,5,3,3,2,2,6,3,4,3
576,2,0,4,1,8,7,2,0,5,1,1,8,4,1,6,7,7,2,2,0,0,0,1,8,5,2,2,1,9,1,2,1,1,0,1,0,7,9,2,9,0,0,0,1,6,8,0,2,0,10,0,0,0,10,0,0,0,5,10,0,5,3,2,1,2,1,1,3,6,6,10,8,1,0,2,0,5,0,0,2,0,0,0,0,1,0,8,3,1,0,0,0,0,0,0,0,0,10,0,5
396,0,0,0,0,0,0,0,0,0,0,7,0,0,0,0,0,0,0,0,0,0,0,4,3,0,0,0,0,0,0,0,0,0,0,3,0,6,8,3,3,0,0,0,3,0,0,0,3,0,0,0,7,0,0,0,0,0,0,0,0,0,0,0,3,0,3,9,0,9,9,6,0,0,0,3,0,2,2,4,0,4,3,0,0,0,0,0,3,0,9,9,0,0,0,0,0,7,6,0,3
123,6,2,1,5,5,4,6,6,4,6,9,6,3,2,2,1,6,5,4,6,6,2,0,7,5,3,7,4,6,6,1,2,5,2,8,5,6,8,5,7,2,1,1,1,4,4,3,5,6,7,6,7,5,1,0,2,2,6,8,4,2,2,2,3,5,4,7,6,7,6,6,5,5,4,7,7,8,9,2,6,1,1,4,4,3,1,5,6,3,0,9,4,2,9,7,6,5,2,1,1
133,6,7,7,7,4,8,5,5,6,5,6,5,4,4,8,6,6,7,6,6,4,4,4,8,5,4,7,7,7,5,4,4,4,3,7,7,5,7,5,7,3,6,5,6,6,7,7,8,5,8,7,4,3,5,2,2,3,9,8,4,6,8,7,7,6,6,7,7,9,9,8,7,5,0,6,4,7,6,5,5,4,4,6,5,8,7,6,9,5,9,9,6,6,5,4,5,6,0,2,8
117,3,0,5,7,4,7,6,2,7,8,0,6,1,4,2,5,8,2,3,1,0,2,1,0,4,6,8,0,4,8,4,3,1,0,0,0,0,2,3,6,0,4,0,2,1,8,0,3,1,3,0,1,0,7,0,0,0,5,7,0,2,1,1,3,1,5,0,1,5,4,6,7,0,0,2,1,3,0,3,0,0,3,0,0,1,7,4,3,0,2,0,5,3,1,1,0,1,0,0,7
49,6,4,2,8,6,5,8,9,9,6,6,6,10,7,6,4,6,6,4,6,6,4,4,3,6,4,6,4,6,6,2,2,3,3,5,4,2,4,3,6,1,2,2,6,6,5,2,4,5,6,4,1,1,7,0,1,2,4,4,3,4,7,4,5,8,4,4,4,5,5,5,5,4,0,4,4,5,7,3,2,2,3,4,1,6,5,4,4,4,5,4,5,5,4,0,1,1,2,0,4
122,4,6,5,4,3,5,2,4,6,5,1,2,0,4,3,2,5,4,3,0,3,6,4,2,5,5,4,0,4,6,5,4,6,5,3,2,5,3,4,4,1,0,1,3,6,6,4,3,4,5,0,5,0,7,1,3,0,7,6,0,2,1,4,1,5,3,2,5,4,3,6,6,3,0,4,1,5,3,1,3,1,1,4,0,1,2,4,2,6,6,2,1,3,2,4,3,2,5,0,5
397,8,7,3,3,5,5,2,4,2,1,7,3,4,3,4,5,3,4,4,4,5,5,6,6,7,5,4,3,7,2,3,3,5,1,2,3,6,5,5,4,2,3,2,7,5,7,6,7,4,7,7,5,5,4,4,1,2,7,6,4,5,4,4,6,2,3,8,4,7,7,7,4,6,1,8,7,9,5,8,5,5,7,4,3,2,2,8,9,2,4,6,5,7,9,6,5,5,5,1,3
394,4,7,1,0,7,1,0,2,3,3,4,1,0,0,6,4,4,3,6,3,1,1,10,5,3,2,0,0,7,0,0,0,1,0,1,2,4,2,1,3,0,1,1,2,1,3,4,5,0,4,2,1,0,0,0,0,0,2,1,0,0,0,0,0,2,0,5,1,5,7,5,2,3,0,1,1,5,4,1,0,1,1,2,0,0,0,1,1,0,0,5,2,1,2,1,0,1,0,0,0
19,4,0,6,1,2,2,2,3,5,4,8,3,6,7,6,8,1,0,5,3,1,1,3,9,4,3,7,5,6,5,6,3,2,4,4,3,7,9,4,6,2,3,2,9,10,8,2,1,10,9,10,3,2,10,1,0,2,8,9,0,4,6,2,6,6,6,7,5,10,10,8,6,6,0,6,2,9,3,4,2,4,4,2,0,4,0,6,8,1,2,5,5,7,4,0,1,2,2,0,7
595,4,1,0,2,7,4,0,1,8,4,4,5,2,2,6,4,7,7,7,5,6,6,6,2,7,6,8,0,7,1,2,7,4,0,3,3,7,8,3,8,2,2,0,5,8,8,6,7,7,8,5,2,1,1,0,0,0,3,7,1,2,1,0,1,1,1,1,0,1,5,2,4,7,0,1,0,1,2,2,6,1,0,0,0,0,0,6,6,1,0,1,1,0,5,4,4,1,0,0,1
546,3,2,2,3,3,7,3,7,5,4,4,3,3,4,3,2,3,3,2,0,0,1,6,3,2,2,2,2,5,2,4,2,3,0,4,2,6,3,2,2,0,0,0,5,4,5,6,1,6,5,5,5,0,4,0,0,0,5,5,0,1,1,1,0,1,2,2,2,6,7,5,4,2,0,4,1,6,1,3,1,6,5,5,0,1,0,6,6,3,6,2,2,1,5,1,5,2,6,0,5
267,7,3,2,0,8,6,1,3,4,2,5,4,3,2,5,6,2,3,6,6,4,3,4,7,10,3,6,7,5,4,9,4,8,3,9,3,10,9,9,7,8,4,3,7,6,8,0,3,5,6,9,4,0,2,1,0,3,6,5,4,2,5,4,6,3,1,7,7,9,8,6,7,9,0,6,5,10,4,7,1,4,10,6,1,2,0,9,9,4,7,3,4,2,10,4,0,1,0,0,8
208,4,6,4,3,3,3,3,3,3,3,3,4,3,2,3,4,5,4,5,5,4,5,6,5,6,4,5,4,5,5,4,5,5,4,4,6,4,4,4,4,3,3,3,4,4,4,5,5,4,5,4,5,3,4,3,3,4,4,4,3,3,4,4,3,3,4,4,4,3,3,4,4,3,2,3,4,4,4,4,4,4,4,4,2,4,4,4,3,3,3,3,4,3,3,4,4,3,4,2,4
493,3,2,0,0,3,3,0,4,3,0,5,0,1,0,4,0,0,0,0,0,0,0,0,5,0,0,0,5,0,0,0,0,1,0,0,0,5,3,3,2,0,0,0,1,0,0,2,1,0,5,4,3,0,0,0,0,0,0,0,0,0,0,0,5,1,1,4,0,4,7,5,0,4,0,0,0,1,0,0,1,1,0,0,0,0,0,0,4,0,1,0,0,6,3,0,1,1,1,0,1
583,2,0,0,1,6,2,2,5,2,0,3,2,0,2,0,0,4,4,1,0,0,0,2,1,4,3,1,0,2,1,2,3,4,0,1,2,5,2,2,4,0,1,0,4,4,5,2,2,4,6,6,4,0,1,0,1,1,5,5,0,0,3,0,0,0,0,1,3,5,6,6,3,2,0,5,1,6,1,6,0,0,5,6,1,2,0,8,7,3,6,1,5,3,6,2,4,2,7,1,6
290,3,2,1,0,1,1,1,4,6,4,3,1,5,7,8,3,5,3,2,4,2,5,2,2,2,2,2,2,9,7,5,6,6,2,2,2,4,2,5,6,2,2,3,10,2,9,2,2,7,5,2,1,1,2,1,0,2,2,2,2,2,1,2,6,8,2,1,1,7,6,6,1,1,0,4,2,5,3,1,1,5,5,6,1,4,1,5,4,7,2,2,4,4,3,2,8,2,2,0,8
608,5,0,0,0,0,5,0,0,1,0,7,1,3,0,0,2,0,6,4,9,8,5,10,5,3,5,0,0,7,0,0,0,0,0,5,0,5,6,0,0,0,0,0,1,0,0,2,0,0,0,4,3,0,0,0,0,0,4,6,3,0,0,1,3,0,3,4,0,10,8,1,0,0,0,7,6,9,1,5,1,7,4,1,0,0,1,1,1,0,0,3,1,7,9,8,2,0,0,0,1
124,4,2,5,5,5,4,4,3,5,4,7,3,3,3,4,3,3,4,3,6,3,4,7,7,6,4,4,4,3,3,3,3,2,1,4,3,6,7,5,4,1,0,0,5,4,3,3,4,4,3,6,3,0,0,0,0,0,1,3,0,0,0,1,2,1,2,4,1,6,8,8,3,4,0,4,1,6,5,2,1,3,6,2,1,3,1,4,7,1,3,2,5,1,2,1,2,1,2,0,2
378,5,3,1,2,3,4,0,4,3,3,6,2,1,2,4,2,1,3,4,3,2,2,5,5,4,3,2,4,6,0,6,3,8,1,6,5,4,6,2,3,3,0,2,6,6,6,5,4,3,9,7,3,2,6,2,1,0,5,6,3,4,5,3,3,2,3,3,3,4,7,6,4,4,1,6,2,7,2,2,2,3,7,4,1,2,1,9,8,5,5,2,3,3,4,2,5,3,3,0,2
260,6,5,7,8,5,7,6,6,7,7,5,6,4,7,8,7,7,6,6,4,4,7,4,5,4,6,5,3,6,6,3,3,4,4,6,6,5,6,4,8,3,6,6,8,7,6,7,7,8,7,6,5,4,7,3,2,6,7,6,3,5,7,6,4,6,8,6,8,6,7,6,6,6,2,6,6,5,6,4,7,5,6,6,3,5,3,6,6,3,2,6,6,7,5,5,4,6,3,2,8
343,1,6,0,0,0,0,0,1,0,0,2,0,0,0,0,0,0,0,0,0,0,0,0,0,0,2,0,0,0,0,0,0,0,0,0,0,0,0,0,2,0,0,0,0,0,0,0,0,0,2,0,0,0,0,0,0,0,0,0,0,0,0,0,0,0,0,0,0,0,2,0,0,0,0,0,0,0,0,0,0,0,0,0,0,0,0,3,2,0,0,0,0,2,2,0,0,0,0,0,0
121,4,2,4,4,3,1,3,6,5,3,6,2,4,4,6,4,5,4,4,3,3,2,4,3,5,3,4,1,6,3,4,3,7,4,6,3,8,5,6,4,2,2,1,6,4,3,4,4,3,4,3,3,2,5,3,6,2,4,5,2,4,5,3,5,5,4,4,3,6,5,4,3,5,4,4,3,6,3,6,1,3,3,4,1,3,5,5,7,3,4,3,3,6,7,3,3,3,7,1,6
457,1,1,2,3,4,2,1,2,4,3,6,2,0,1,0,0,2,1,3,1,1,1,3,2,2,6,2,1,3,0,1,3,3,0,3,4,4,2,3,4,0,0,1,2,0,0,1,0,0,3,1,1,0,2,0,0,0,0,0,0,0,0,0,0,0,1,2,0,1,3,3,1,0,0,5,0,5,0,0,0,0,0,1,1,0,0,5,5,0,6,0,0,0,0,0,1,0,0,0,1
268,5,5,7,7,8,5,4,8,8,7,9,9,2,6,5,5,8,7,7,6,9,7,7,5,9,4,5,5,7,7,6,5,9,4,7,7,8,4,5,5,5,4,3,4,4,3,5,4,4,7,5,5,5,3,6,4,4,3,2,5,3,4,4,6,4,3,4,6,7,4,2,4,5,2,7,7,5,2,6,3,6,5,5,3,4,2,3,3,3,6,4,6,5,8,8,7,4,2,1,7
41,6,3,4,5,5,5,6,7,8,6,6,7,6,2,5,5,4,5,6,5,3,4,4,5,6,5,8,6,6,7,5,4,5,0,7,4,8,7,7,8,2,3,2,6,7,8,5,7,6,8,5,6,0,8,2,1,3,7,7,1,5,6,4,7,8,7,7,8,8,8,8,8,7,1,7,4,7,6,6,5,6,6,7,4,7,7,8,8,6,7,5,7,7,7,4,6,5,7,0,7
34,6,4,7,3,7,6,7,9,8,7,10,7,9,5,8,5,8,7,7,10,9,4,7,8,9,7,7,8,9,8,4,6,8,6,9,8,10,9,7,7,6,7,4,9,7,7,8,9,4,9,8,7,3,6,5,2,4,8,9,3,5,4,5,9,6,6,6,5,9,9,8,5,6,2,8,7,10,7,8,7,4,4,4,4,6,4,6,8,5,8,8,7,7,7,5,5,7,5,1,9
510,8,4,6,5,7,6,1,3,3,0,6,4,2,3,0,1,2,6,5,3,2,2,8,7,5,3,1,0,10,1,0,1,3,0,4,1,5,4,0,6,0,0,0,8,4,5,7,5,2,2,6,3,0,2,0,0,0,8,7,0,2,1,0,2,1,1,2,2,6,6,7,4,5,0,3,1,7,5,3,1,0,4,8,0,1,0,9,8,2,1,2,2,6,6,0,1,1,5,0,7
621,8,4,5,2,4,6,0,4,3,7,10,4,6,0,6,4,1,7,9,3,6,6,9,10,7,8,6,1,7,2,0,5,3,5,7,6,8,9,5,4,0,6,5,6,2,3,6,7,2,6,7,2,5,7,0,6,3,6,9,2,3,0,0,5,1,6,7,1,10,9,8,5,4,0,8,4,9,10,1,0,2,2,1,6,7,0,7,8,1,0,7,0,5,4,3,6,7,1,0,2
172,8,4,4,0,0,2,0,1,2,2,6,0,1,2,8,6,0,4,6,2,4,2,5,7,1,2,1,0,8,4,3,1,1,0,3,4,6,9,6,4,2,1,2,3,7,8,7,6,3,4,3,2,1,9,1,2,1,10,10,4,3,2,2,4,0,3,8,2,2,9,9,4,7,1,3,4,7,2,1,2,3,2,1,0,1,0,8,9,2,3,6,7,2,1,1,1,6,4,0,2
415,8,6,3,3,3,8,1,4,6,0,6,1,1,0,5,3,5,6,4,8,6,7,8,4,5,3,2,1,9,0,2,3,3,0,8,6,8,7,6,7,0,3,0,7,4,4,7,8,1,9,3,2,0,1,2,0,1,1,8,2,2,2,1,3,4,2,3,5,9,9,8,2,2,0,6,4,9,8,6,7,1,5,2,0,6,0,10,9,2,5,3,2,6,6,3,7,7,8,0,8
611,6,2,4,0,8,8,0,8,9,0,9,3,3,4,4,2,5,4,4,2,1,2,7,6,5,5,3,6,6,2,0,0,4,0,3,1,7,5,5,9,1,0,0,9,5,9,3,3,3,4,3,5,0,6,0,0,0,6,5,0,3,3,1,1,1,0,1,7,10,10,6,2,4,0,6,0,3,3,2,0,1,3,3,0,5,0,10,10,1,6,0,1,2,2,1,3,0,0,0,7
486,6,1,4,5,3,6,3,8,3,1,7,2,1,3,4,3,4,4,1,8,9,5,8,6,4,3,6,1,9,1,3,2,4,4,4,2,7,6,8,8,3,2,3,2,2,3,7,9,2,5,6,1,0,4,0,0,2,4,4,6,3,1,1,7,5,6,6,1,8,10,6,2,8,0,6,6,5,6,4,6,4,5,7,8,8,0,2,6,4,0,6,6,5,7,4,5,8,5,0,1
30,7,8,7,7,4,7,8,4,6,6,4,8,10,9,9,7,7,4,7,7,5,4,6,7,3,6,8,5,4,7,7,6,2,4,4,4,6,8,6,7,6,5,7,7,5,6,5,6,4,6,6,4,6,9,4,1,6,6,8,7,10,8,2,6,8,7,6,4,7,8,7,5,5,0,4,5,6,8,3,5,6,5,2,5,4,2,4,5,2,4,4,6,7,1,2,2,6,3,1,5
441,6,1,2,1,6,7,0,6,1,3,7,1,2,2,2,2,1,7,3,7,2,2,2,4,6,2,1,1,2,1,2,2,5,0,7,6,7,3,5,2,1,1,2,2,1,2,6,3,3,5,4,5,0,5,3,0,1,1,1,1,1,2,1,0,0,0,6,5,6,6,6,3,6,0,7,3,6,6,6,2,2,7,6,1,5,1,7,7,1,5,4,2,1,8,2,6,2,7,0,2
597,0,0,0,0,0,0,0,0,0,0,0,0,0,0,0,0,0,0,0,0,0,0,1,0,0,0,0,0,0,0,0,0,0,0,0,0,1,0,1,0,0,0,0,0,0,0,0,0,0,0,0,0,0,0,0,0,0,0,0,0,0,0,0,0,0,0,0,0,1,1,1,0,0,0,0,0,1,0,0,0,0,1,1,0,0,0,0,0,0,0,0,0,0,0,0,0,0,0,0,0
406,2,0,0,1,3,0,0,2,0,0,3,0,0,0,0,0,0,3,0,0,0,1,3,0,1,0,0,0,1,0,0,1,0,0,3,0,1,0,0,0,0,0,0,0,0,0,1,0,0,1,2,0,0,0,0,0,0,0,0,0,0,0,0,0,0,0,0,0,1,2,0,0,0,0,5,0,4,0,1,0,0,0,0,0,0,0,0,1,0,0,0,0,1,0,0,2,0,0,0,0
504,0,0,0,3,6,2,0,3,4,2,5,3,4,2,4,0,3,5,3,2,1,3,6,4,4,4,4,0,7,0,0,0,4,0,8,5,8,4,8,3,0,0,0,5,2,3,7,6,1,9,2,3,0,3,0,1,0,3,4,0,0,0,1,1,2,1,3,5,9,7,8,2,5,0,6,3,8,2,6,1,1,3,4,1,7,1,7,10,1,2,1,2,3,2,0,2,3,8,0,3
440,10,4,10,3,8,10,1,1,5,2,7,0,0,3,3,3,3,3,3,3,3,3,8,8,3,3,3,3,8,3,4,4,8,0,8,3,8,8,8,2,0,0,0,3,3,3,8,8,0,7,4,4,0,7,0,0,0,8,8,0,0,0,3,0,0,4,4,4,4,8,8,3,5,0,2,2,8,4,4,4,3,3,7,3,7,3,6,6,2,4,4,4,3,2,2,2,6,7,0,5
5,7,3,1,3,5,1,3,7,9,6,3,3,9,9,8,4,3,1,4,4,6,2,4,6,4,4,4,4,8,6,6,4,4,2,5,1,3,6,6,7,0,1,3,10,10,8,1,9,6,6,7,4,0,7,0,3,3,7,6,0,0,9,3,7,7,5,4,4,8,7,10,7,5,1,5,2,6,6,6,1,4,5,6,0,4,4,8,9,6,7,6,4,4,4,3,4,2,5,0,9
559,1,1,2,0,5,3,0,5,1,0,8,0,2,1,0,0,0,6,5,6,0,3,9,7,5,0,0,2,9,0,8,1,8,0,7,5,10,10,6,4,0,0,5,5,6,6,10,9,1,10,8,5,0,10,1,0,0,9,6,10,1,0,3,5,0,1,10,5,9,10,10,5,7,0,10,5,10,10,7,6,1,9,9,10,4,0,10,10,5,6,8,5,4,6,4,4,4,10,0,6
446,7,5,2,2,8,3,2,7,7,4,6,4,4,3,4,1,3,8,6,5,4,6,8,5,7,4,2,1,3,0,1,1,5,0,2,5,8,3,4,6,1,2,3,6,5,6,6,7,2,8,4,7,2,4,3,1,1,6,4,2,2,3,4,5,5,4,6,7,10,8,7,6,6,0,9,8,8,4,9,5,3,5,2,1,3,4,7,7,2,4,6,4,4,9,4,4,3,1,0,4
16,6,4,9,6,9,4,2,8,3,2,4,6,2,3,6,8,7,6,4,1,1,2,7,6,7,4,2,3,9,1,1,4,9,1,4,3,7,8,3,4,2,2,1,9,4,7,7,6,3,7,7,2,7,8,4,2,2,8,7,4,6,4,7,7,6,6,6,4,9,8,7,4,7,0,5,2,6,7,4,5,2,4,3,2,6,3,8,6,7,7,6,7,8,7,3,6,6,8,3,7
